year,top1,indice_100,delta_pts,delta_pct,mm3,periode
1820,20.4,100.0,,,21.0,1820–1899
1850,21.6,105.88235294117648,1.2000000000000028,5.882352941176494,20.366666666666667,1820–1899
1880,19.1,93.62745098039217,-2.5,-11.574074074074069,20.916667,1820–1899
1900,22.050001,108.08824019607844,2.9500010000000003,15.445031413612575,21.366666666666664,1900–1945
1910,22.949999,112.49999509803921,0.8999979999999965,4.081623397658785,21.61,1900–1945
1915,19.83,97.20588235294117,-3.119999,-13.594767476896186,21.873333,1900–1945
1916,22.84,111.9607843137255,3.0100000000000016,15.179021684316707,21.756666666666664,1900–1945
1917,22.6,110.78431372549021,-0.23999999999999844,-1.0507880910682998,21.843333333333334,1900–1945
1918,20.09,98.48039215686275,-2.5100000000000016,-11.106194690265491,21.213333333333335,1900–1945
1919,20.95,102.69607843137256,0.8599999999999994,4.280736684917863,20.37,1900–1945
1920,20.07,98.38235294117648,-0.879999999999999,-4.200477326968965,20.050000333333333,1900–1945
1921,19.130001,93.77451470588235,-0.9399990000000003,-4.683602391629293,20.046667,1900–1945
1922,20.94,102.64705882352942,1.8099990000000012,9.461572950257558,21.113333666666666,1900–1945
1923,23.27,114.0686274509804,2.3299999999999983,11.127029608404948,21.929999999999996,1900–1945
1924,21.58,105.78431372549021,-1.6900000000000013,-7.262569832402244,21.936667,1900–1945
1925,20.960001,102.74510294117647,-0.619999,-2.873025949953656,21.033333666666667,1900–1945
1926,20.56,100.78431372549021,-0.4000009999999996,-1.9084016265075499,20.92666633333333,1900–1945
1927,21.259998,104.21567647058825,0.6999980000000008,3.4046595330739393,21.06999933333333,1900–1945
1928,21.39,104.8529411764706,0.13000200000000106,0.6114864168848877,20.889999333333332,1900–1945
1929,20.02,98.13725490196079,-1.370000000000001,-6.404862085086494,19.549999999999997,1900–1945
1930,17.24,84.50980392156862,-2.780000000000001,-13.886113886113893,17.906666666666666,1900–1945
1931,16.46,80.68627450980392,-0.7799999999999976,-4.524361948955901,16.856666333333333,1900–1945
1932,16.869999,82.69607352941178,0.4099989999999991,2.490880923450778,16.996666333333334,1900–1945
1933,17.66,86.5686274509804,0.7900010000000002,4.6828752034899335,17.39,1900–1945
1934,17.640001,86.47059313725492,-0.019998999999998546,-0.11324462061154117,17.896666999999997,1900–1945
1935,18.39,90.14705882352942,0.749998999999999,4.251694770312087,17.776667,1900–1945
1936,17.3,84.80392156862746,-1.0899999999999999,-5.927134312126158,17.713333333333335,1900–1945
1937,17.45,85.53921568627452,0.14999999999999858,0.8670520231213841,17.09,1900–1945
1938,16.52,80.98039215686275,-0.9299999999999997,-5.329512893982802,16.793333333333333,1900–1945
1939,16.41,80.44117647058825,-0.10999999999999943,-0.6658595641646503,16.569999666666664,1900–1945
1940,16.779999,82.25489705882353,0.36999899999999997,2.2547166361974513,16.403333,1900–1945
1941,16.02,78.52941176470588,-0.7599990000000005,-4.529195740714886,15.816666666666668,1900–1945
1942,14.650001,71.81373039215687,-1.369999,-8.551803995006246,14.166666999999999,1900–1945
1943,11.83,57.990196078431374,-2.8200009999999995,-19.249152269682433,12.153333666666667,1900–1945
1944,9.98,48.92156862745098,-1.8499999999999996,-15.638207945900252,10.093333333333334,1900–1945
1945,8.47,41.519607843137265,-1.5099999999999998,-15.130260521042082,9.626666666666667,1900–1945
1946,10.43,51.12745098039216,1.959999999999999,23.140495867768585,9.87,1946–1980
1947,10.71,52.50000000000001,0.28000000000000114,2.68456375838928,10.35,1946–1980
1948,9.91,48.578431372549026,-0.8000000000000007,-7.469654528478065,10.296666666666667,1946–1980
1949,10.27,50.34313725490196,0.35999999999999943,3.632694248234092,10.173333333333334,1946–1980
1950,10.34,50.68627450980392,0.07000000000000028,0.6815968841285436,10.436666666666666,1946–1980
1951,10.7,52.450980392156865,0.35999999999999943,3.4816247582204918,10.666666666666666,1946–1980
1952,10.96,53.72549019607843,0.26000000000000156,2.4299065420560817,10.833333333333334,1946–1980
1953,10.84,53.13725490196079,-0.120000000000001,-1.0948905109489093,10.950000000000001,1946–1980
1954,11.05,54.16666666666667,0.21000000000000085,1.9372693726937396,11.049999999999999,1946–1980
1955,11.26,55.196078431372555,0.20999999999999908,1.900452488687776,11.090000000000002,1946–1980
1956,10.96,53.72549019607843,-0.29999999999999893,-2.6642984014209503,11.150000166666667,1946–1980
1957,11.2300005,55.049022058823525,0.2700004999999983,2.463508211678822,10.8500005,1946–1980
1958,10.360001,50.784318627450986,-0.8699994999999987,-7.747101168873494,10.936667166666666,1946–1980
1959,11.22,55.00000000000001,0.8599990000000002,8.301147847379543,11.013333666666668,1946–1980
1960,11.46,56.1764705882353,0.2400000000000002,2.1390374331550888,11.416666666666666,1946–1980
1961,11.57,56.71568627450981,0.10999999999999943,0.9598603839441555,11.323333333333332,1946–1980
1962,10.94,53.62745098039216,-0.6300000000000008,-5.445116681071749,11.08,1946–1980
1963,10.73,52.59803921568628,-0.20999999999999908,-1.9195612431444187,10.836666666666666,1946–1980
1964,10.84,53.13725490196079,0.10999999999999943,1.0251630941286116,10.836666666666668,1946–1980
1965,10.94,53.62745098039216,0.09999999999999964,0.9225092250922495,10.836666666666666,1946–1980
1966,10.73,52.59803921568628,-0.20999999999999908,-1.9195612431444187,10.793333333333335,1946–1980
1967,10.71,52.50000000000001,-0.019999999999999574,-0.18639328984155767,10.533333333333333,1946–1980
1968,10.16,49.80392156862745,-0.5500000000000007,-5.135387488328669,10.256666666666668,1946–1980
1969,9.9,48.529411764705884,-0.2599999999999998,-2.5590551181102317,9.906667,1946–1980
1970,9.660001,47.35294607843137,-0.23999900000000096,-2.4242323232323337,9.743333666666667,1946–1980
1971,9.67,47.40196078431373,0.009999000000000535,0.10350930605493858,9.610000333333334,1946–1980
1972,9.5,46.568627450980394,-0.16999999999999993,-1.7580144777662898,9.753333333333332,1946–1980
1973,10.09,49.46078431372549,0.5899999999999999,6.210526315789466,9.776666666666666,1946–1980
1974,9.74,47.74509803921569,-0.34999999999999964,-3.468780971258667,9.646666666666667,1946–1980
1975,9.11,44.656862745098046,-0.6300000000000008,-6.468172484599599,9.316666333333334,1946–1980
1976,9.099999,44.607838235294125,-0.010000999999999038,-0.10978046103182759,8.913333,1946–1980
1977,8.53,41.81372549019608,-0.569999000000001,-6.263725963046818,8.633332833333334,1946–1980
1978,8.2699995,40.53921323529413,-0.2600004999999985,-3.0480715123094804,8.453333166666667,1946–1980
1979,8.56,41.96078431372549,0.29000049999999966,3.5066568020953204,8.119999833333333,1946–1980
1980,7.53,36.911764705882355,-1.0300000000000002,-12.032710280373838,7.840000000000001,1946–1980
1981,7.43,36.42156862745098,-0.10000000000000053,-1.3280212483399834,7.316666666666666,1981–2025
1982,6.99,34.26470588235294,-0.4399999999999995,-5.92193808882906,7.133333166666667,1981–2025
1983,6.9799995,34.21568382352942,-0.0100005000000003,-0.14306866952790154,6.999999733333333,1981–2025
1984,7.0299997,34.46078284313726,0.05000020000000038,0.7163352948664325,7.126666533333334,1981–2025
1985,7.3700004,36.12745294117647,0.34000070000000004,4.836425526447741,7.5033337,1981–2025
1986,8.110001,39.7549068627451,0.7400006000000001,10.040713159255743,7.876667466666667,1981–2025
1987,8.150001,39.95098529411765,0.03999999999999915,0.4932181882591591,8.200000666666666,1981–2025
1988,8.34,40.88235294117647,0.18999900000000025,2.331275787573528,8.480000333333335,1981–2025
1989,8.95,43.87254901960784,0.6099999999999994,7.314148681055155,8.766666666666666,1981–2025
1990,9.01,44.16666666666667,0.0600000000000005,0.6703910614525244,9.019999666666667,1981–2025
1991,9.099999,44.607838235294125,0.0899990000000006,0.9988790233074418,8.959999666666667,1981–2025
1992,8.77,42.990196078431374,-0.3299990000000008,-3.6263630358640775,8.833333000000001,1981–2025
1993,8.63,42.30392156862746,-0.1399999999999988,-1.5963511972633793,8.906666666666666,1981–2025
1994,9.32,45.68627450980392,0.6899999999999995,7.995365005793742,9.096666666666666,1981–2025
1995,9.34,45.7843137254902,0.019999999999999574,0.21459227467810482,9.686667,1981–2025
1996,10.400001,50.980397058823534,1.0600009999999997,11.3490471092077,10.120000333333332,1981–2025
1997,10.62,52.05882352941177,0.2199989999999996,2.115374796598579,10.863333666666668,1981–2025
1998,11.57,56.71568627450981,0.9500000000000011,8.945386064030147,11.193333,1981–2025
1999,11.389999,55.83332843137256,-0.18000100000000074,-1.55575626620571,11.423333,1981–2025
2000,11.31,55.44117647058824,-0.07999899999999904,-0.7023617824724937,11.386666333333332,1981–2025
2001,11.46,56.1764705882353,0.15000000000000036,1.326259946949615,11.3333335,1981–2025
2002,11.2300005,55.049022058823525,-0.2299995000000017,-2.0069764397905865,11.390000166666667,1981–2025
2003,11.48,56.274509803921575,0.24999950000000126,2.2261753238568494,11.470000166666665,1981–2025
2004,11.7,57.352941176470594,0.21999999999999886,1.9163763066202044,11.673333333333334,1981–2025
2005,11.84,58.03921568627452,0.14000000000000057,1.1965811965811923,11.6866665,1981–2025
2006,11.5199995,56.470585784313734,-0.320000499999999,-2.7027069256756686,11.883333166666667,1981–2025
2007,12.29,60.24509803921569,0.7700004999999983,6.684032408161111,12.049999833333333,1981–2025
2008,12.34,60.490196078431374,0.05000000000000071,0.40683482506103097,11.666666666666666,1981–2025
2009,10.37,50.833333333333336,-1.9700000000000006,-15.964343598055109,11.236666666666666,1981–2025
2010,11.0,53.92156862745098,0.6300000000000008,6.075216972034725,10.949999999999998,1981–2025
2011,11.48,56.274509803921575,0.4800000000000004,4.3636363636363695,10.910000000000002,1981–2025
2012,10.25,50.24509803921569,-1.2300000000000004,-10.71428571428572,10.453333333333333,1981–2025
2013,9.63,47.20588235294119,-0.6199999999999992,-6.048780487804873,9.89,1981–2025
2014,9.79,47.99019607843137,0.15999999999999837,1.6614745586708057,9.933333333333334,1981–2025
2015,10.38,50.88235294117647,0.5900000000000016,6.026557711950997,10.196666666666667,1981–2025
2016,10.42,51.078431372549026,0.03999999999999915,0.3853564547205979,10.520000000000001,1981–2025
2017,10.76,52.74509803921569,0.33999999999999986,3.262955854126681,11.049999999999999,1981–2025
2018,11.97,58.6764705882353,1.2100000000000009,11.245353159851312,11.393333333333333,1981–2025
2019,11.45,56.12745098039216,-0.5200000000000014,-4.34419381787804,11.656666666666666,1981–2025
2020,11.55,56.617647058823536,0.10000000000000142,0.8733624454148492,11.900000333333333,1981–2025
2021,12.700001,62.2549068627451,1.1500009999999996,9.956718614718607,12.106667,1981–2025
2022,12.07,59.16666666666667,-0.630001,-4.960637404674218,12.300000333333335,1981–2025
2023,12.13,59.4607843137255,0.0600000000000005,0.4971002485501197,12.100000000000001,1981–2025
